"","Min_Conn","Mean_Conn","Med_Conn","Med_Binned","Max_Conn"
"1",29.1786674327595,16.5439208239732,17.9464979383525,22.427277528566,7.87897422188926
