"","Euclidean","Min_Cost","Med_Cost","Med_Binned","Mean_Cost","Max_Cost"
"1",38670.4793206789,42313.7084989848,51384.7763108502,51970.5627484771,51384.7763108502,54941.1254969543
